Order ID,Date,Product,Category,Quantity,Unit Price,Total Sales,Region,Customer Name
ORD0001,2023-02-22,Mouse,Accessories,10,844.14,8441.4,West,Sarah Joseph
ORD0002,2023-08-19,Mouse,Accessories,10,885.85,8858.5,North,Vanessa Hood
ORD0003,2023-05-13,Headphones,Accessories,3,1639.47,4918.41,South,Lisa Reeves
ORD0004,2023-11-16,Smartphone,Electronics,5,1092.87,5464.35,West,Latoya Miller
ORD0005,2023-02-12,Tablet,Electronics,10,198.83,1988.3,East,Meredith Mckenzie
ORD0006,2023-12-02,Monitor,Electronics,10,361.48,3614.8,East,Kimberly Higgins
ORD0007,2023-12-13,Camera,Electronics,8,1199.91,9599.28,South,Melissa Leonard
ORD0008,2023-06-27,Tablet,Electronics,3,1977.36,5932.08,North,Kenneth Parker
ORD0009,2023-11-12,Keyboard,Accessories,1,1153.37,1153.37,East,Joshua Campbell
ORD0010,2023-08-25,Headphones,Accessories,10,1494.5,14945.0,West,Sheri Wright
ORD0011,2023-03-03,Printer,Office,10,1178.8,11788.0,North,Stefanie Harris
ORD0012,2023-11-12,Smartwatch,Accessories,9,1367.51,12307.59,West,Jessica Everett
ORD0013,2023-05-06,Laptop,Electronics,1,385.31,385.31,South,Christine Davis
ORD0014,2023-09-15,Mouse,Accessories,5,709.21,3546.05,North,Bradley Hernandez
ORD0015,2023-06-01,Printer,Office,6,1320.21,7921.26,North,Mr. Stephen Wright PhD
ORD0016,2023-12-24,Laptop,Electronics,6,1591.43,9548.58,East,Julie Vazquez
ORD0017,2023-03-15,Mouse,Accessories,2,233.51,467.02,North,Shawn Reynolds
ORD0018,2023-06-05,Smartwatch,Accessories,9,941.28,8471.52,South,Melissa Wood
ORD0019,2023-07-08,Smartwatch,Accessories,7,1357.3,9501.1,South,Michael Ayers
ORD0020,2023-01-26,Keyboard,Accessories,2,1903.22,3806.44,North,Kimberly Smith
ORD0021,2023-02-20,Laptop,Electronics,9,578.91,5210.19,West,Michael Martinez
ORD0022,2023-05-14,Headphones,Accessories,7,1947.13,13629.91,East,Charles Reeves
ORD0023,2023-05-06,Keyboard,Accessories,4,156.67,626.68,South,Patricia Carey
ORD0024,2023-08-09,Smartphone,Electronics,10,858.07,8580.7,North,Jessica Brown
ORD0025,2023-11-03,Camera,Electronics,3,1095.9,3287.7,North,Ashlee Fuentes
ORD0026,2023-07-10,Smartphone,Electronics,6,1227.82,7366.92,North,Carrie Nguyen
ORD0027,2023-06-02,Smartwatch,Accessories,4,722.16,2888.64,North,Timothy Greene
ORD0028,2023-09-03,Laptop,Electronics,9,305.43,2748.87,West,Chris Wallace
ORD0029,2023-02-25,Monitor,Electronics,2,909.43,1818.86,West,Keith Miller
ORD0030,2023-07-26,Headphones,Accessories,4,1406.6,5626.4,North,Patricia Todd
ORD0031,2023-01-26,Keyboard,Accessories,1,1986.04,1986.04,West,Jeffrey Schneider
ORD0032,2023-12-26,Camera,Electronics,9,124.03,1116.27,East,Chris Roberts
ORD0033,2023-09-03,Laptop,Electronics,5,890.69,4453.45,East,Todd Davidson
ORD0034,2023-05-20,Headphones,Accessories,9,1252.04,11268.36,South,John Simon
ORD0035,2023-11-18,Monitor,Electronics,1,1428.46,1428.46,West,Ashley Green MD
ORD0036,2023-03-31,Smartphone,Electronics,8,1966.2,15729.6,East,Ryan Weaver
ORD0037,2023-12-10,Printer,Office,3,1644.14,4932.42,North,Matthew Richardson
ORD0038,2023-12-22,Laptop,Electronics,5,932.64,4663.2,West,Taylor Franco
ORD0039,2023-12-18,Monitor,Electronics,6,633.82,3802.92,North,Wendy Gordon
ORD0040,2023-08-13,Monitor,Electronics,6,1788.38,10730.28,South,Brian Hernandez
ORD0041,2023-02-27,Monitor,Electronics,1,539.55,539.55,West,David Horton
ORD0042,2023-06-13,Laptop,Electronics,5,115.59,577.95,West,Scott Smith
ORD0043,2023-11-21,Smartwatch,Accessories,10,1509.85,15098.5,West,Krystal Carter
ORD0044,2023-12-01,Printer,Office,1,1293.42,1293.42,South,Grant Burgess
ORD0045,2023-01-07,Tablet,Electronics,9,322.95,2906.55,West,Connor Carroll
ORD0046,2023-09-12,Laptop,Electronics,2,1585.12,3170.24,North,Megan Morrow
ORD0047,2023-01-16,Monitor,Electronics,5,1266.45,6332.25,West,Cameron Moore
ORD0048,2023-09-24,Monitor,Electronics,8,1278.85,10230.8,West,Joshua Reynolds
ORD0049,2023-08-07,Smartwatch,Accessories,4,1201.14,4804.56,East,Crystal Howell
ORD0050,2023-02-28,Smartphone,Electronics,9,709.96,6389.64,East,Jennifer Reeves
ORD0051,2023-12-25,Camera,Electronics,7,1427.54,9992.78,East,Erica Rogers
ORD0052,2023-10-30,Headphones,Accessories,3,453.5,1360.5,South,Melissa Young
ORD0053,2023-05-20,Tablet,Electronics,1,852.85,852.85,North,Michael Hart
ORD0054,2023-07-06,Smartwatch,Accessories,8,199.54,1596.32,South,Chelsea Thompson
ORD0055,2023-08-13,Smartphone,Electronics,3,1956.41,5869.23,South,Noah Lucas
ORD0056,2023-05-03,Smartwatch,Accessories,9,1070.23,9632.07,South,Roger Friedman
ORD0057,2023-05-17,Printer,Office,8,1732.82,13862.56,North,Scott Elliott
ORD0058,2023-12-14,Laptop,Electronics,7,1152.78,8069.46,West,Crystal Short
ORD0059,2023-01-07,Laptop,Electronics,7,1034.05,7238.35,East,Amanda Mcmahon
ORD0060,2023-02-22,Keyboard,Accessories,3,403.81,1211.43,West,James Hughes
ORD0061,2023-09-13,Headphones,Accessories,6,674.33,4045.98,East,Yvonne Cole
ORD0062,2023-02-13,Keyboard,Accessories,7,1560.76,10925.32,North,Stephanie Schmidt
ORD0063,2023-10-09,Mouse,Accessories,4,1181.29,4725.16,South,Jordan Perry
ORD0064,2023-06-29,Printer,Office,7,1783.12,12481.84,West,Susan Roman
ORD0065,2023-10-13,Mouse,Accessories,7,1764.49,12351.43,East,Beth Park DVM
ORD0066,2023-01-21,Smartphone,Electronics,6,653.12,3918.72,South,Leslie Austin
ORD0067,2023-02-01,Laptop,Electronics,2,946.52,1893.04,North,Virginia Pierce
ORD0068,2023-01-26,Monitor,Electronics,2,1258.5,2517.0,West,Kelly Hinton
ORD0069,2023-06-23,Laptop,Electronics,2,352.59,705.18,West,Michael Burton
ORD0070,2023-05-25,Keyboard,Accessories,3,1598.64,4795.92,North,Nancy Clark
ORD0071,2023-02-18,Camera,Electronics,8,1579.45,12635.6,South,Larry Clayton
ORD0072,2023-02-23,Monitor,Electronics,9,779.22,7012.98,West,Sharon Long
ORD0073,2023-12-09,Camera,Electronics,3,1802.75,5408.25,North,Mr. Juan Wood
ORD0074,2023-10-30,Monitor,Electronics,4,437.91,1751.64,West,David Davis
ORD0075,2023-04-12,Headphones,Accessories,1,1337.25,1337.25,East,Rose Stephens
ORD0076,2023-02-10,Smartwatch,Accessories,5,1157.14,5785.7,West,John Munoz
ORD0077,2023-03-16,Mouse,Accessories,1,1955.58,1955.58,East,Shelly Herring
ORD0078,2023-01-15,Tablet,Electronics,1,1689.74,1689.74,North,Erica Hernandez
ORD0079,2023-03-01,Headphones,Accessories,4,1973.49,7893.96,North,Andrew Long
ORD0080,2023-08-31,Laptop,Electronics,10,620.45,6204.5,West,Wendy Grimes
ORD0081,2023-11-26,Laptop,Electronics,4,1663.4,6653.6,East,Austin Webster
ORD0082,2023-09-15,Mouse,Accessories,9,1071.18,9640.62,North,Christopher Wilcox
ORD0083,2023-05-04,Smartphone,Electronics,10,1490.45,14904.5,East,Ashley Green
ORD0084,2023-02-04,Smartwatch,Accessories,7,1611.45,11280.15,East,James Tran
ORD0085,2023-02-14,Camera,Electronics,1,934.82,934.82,East,Brandy Joyce
ORD0086,2023-08-24,Smartphone,Electronics,6,640.88,3845.28,West,Luis Carlson
ORD0087,2023-05-28,Tablet,Electronics,4,1797.37,7189.48,West,Stacy Parker
ORD0088,2023-12-13,Smartphone,Electronics,1,1658.14,1658.14,West,Richard Moore
ORD0089,2023-07-24,Laptop,Electronics,3,1328.31,3984.93,South,Gina Clark
ORD0090,2023-07-01,Printer,Office,2,1445.28,2890.56,West,Thomas Cunningham
ORD0091,2023-09-18,Smartwatch,Accessories,5,680.36,3401.8,North,Robert Harrell
ORD0092,2023-05-23,Monitor,Electronics,2,592.99,1185.98,East,Bill Stephenson
ORD0093,2023-11-09,Tablet,Electronics,1,1272.96,1272.96,South,Nicole Gray
ORD0094,2023-03-06,Mouse,Accessories,10,1019.0,10190.0,West,Sherry Ford
ORD0095,2023-12-11,Smartwatch,Accessories,6,1105.35,6632.1,South,Michelle Brown
ORD0096,2023-02-18,Headphones,Accessories,4,1081.77,4327.08,East,Mr. Andrew Smith
ORD0097,2023-04-29,Tablet,Electronics,8,249.05,1992.4,East,Katherine Wilkins
ORD0098,2023-04-02,Monitor,Electronics,5,1026.75,5133.75,South,Vanessa Strickland
ORD0099,2023-01-23,Camera,Electronics,7,503.63,3525.41,North,Marissa Shaffer
ORD0100,2023-07-03,Mouse,Accessories,6,1061.91,6371.46,West,Joshua Garza
ORD0101,2023-04-16,Smartwatch,Accessories,6,967.54,5805.24,South,Jeffrey Warner
ORD0102,2023-08-28,Monitor,Electronics,1,1313.34,1313.34,North,Dawn Sharp
ORD0103,2023-11-23,Smartwatch,Accessories,5,1337.5,6687.5,West,Shannon Williams
ORD0104,2023-03-06,Smartphone,Electronics,3,1718.96,5156.88,East,Elizabeth Lee
ORD0105,2023-03-18,Monitor,Electronics,3,1640.92,4922.76,South,Brian Molina
ORD0106,2023-08-23,Smartwatch,Accessories,6,276.65,1659.9,West,Tyler Anderson
ORD0107,2023-09-19,Monitor,Electronics,6,478.49,2870.94,South,Jason Lewis
ORD0108,2023-07-11,Monitor,Electronics,9,845.27,7607.43,East,Dylan West
ORD0109,2023-02-25,Camera,Electronics,6,422.04,2532.24,West,Cory Johnson
ORD0110,2023-10-15,Monitor,Electronics,3,1659.11,4977.33,West,Kimberly Lynch
ORD0111,2023-10-28,Keyboard,Accessories,8,1271.07,10168.56,East,Kirk Davis
ORD0112,2023-07-07,Camera,Electronics,10,306.26,3062.6,North,Carrie Fry
ORD0113,2023-07-23,Laptop,Electronics,1,273.22,273.22,North,Sharon Ortiz
ORD0114,2023-05-27,Smartwatch,Accessories,3,1516.48,4549.44,East,Michael Myers
ORD0115,2023-01-28,Tablet,Electronics,8,324.53,2596.24,North,Maria Barr
ORD0116,2023-11-22,Monitor,Electronics,1,621.32,621.32,West,Danielle Wang
ORD0117,2023-03-16,Printer,Office,2,294.33,588.66,West,Kerry Byrd
ORD0118,2023-03-22,Tablet,Electronics,9,989.91,8909.19,South,Frank Alvarez
ORD0119,2023-09-12,Camera,Electronics,1,922.95,922.95,East,Danielle Robinson
ORD0120,2023-06-11,Monitor,Electronics,1,901.9,901.9,East,Andrew Chen
ORD0121,2023-04-08,Monitor,Electronics,3,1103.5,3310.5,West,Amber Richard
ORD0122,2023-05-25,Printer,Office,9,1387.61,12488.49,North,Valerie Moore
ORD0123,2023-07-27,Mouse,Accessories,4,1086.01,4344.04,South,Kevin Hamilton
ORD0124,2023-11-16,Tablet,Electronics,5,1082.13,5410.65,West,Carla Gomez
ORD0125,2023-05-01,Smartphone,Electronics,8,929.26,7434.08,West,Bobby Jennings
ORD0126,2023-11-10,Monitor,Electronics,10,1280.42,12804.2,East,Robert Williams
ORD0127,2023-01-11,Printer,Office,3,163.73,491.19,North,Johnny Brown
ORD0128,2023-01-31,Monitor,Electronics,1,742.3,742.3,South,David Bell
ORD0129,2023-10-13,Monitor,Electronics,2,653.11,1306.22,South,Claire Collins
ORD0130,2023-10-16,Printer,Office,10,1757.08,17570.8,East,Darrell Copeland
ORD0131,2023-06-21,Laptop,Electronics,8,1977.42,15819.36,East,James Mendoza
ORD0132,2023-12-20,Camera,Electronics,8,1015.42,8123.36,North,Adrian Moore
ORD0133,2023-07-04,Smartphone,Electronics,7,754.93,5284.51,North,Melanie Richardson
ORD0134,2023-02-27,Keyboard,Accessories,1,873.43,873.43,North,Michael Rodriguez
ORD0135,2023-08-20,Smartwatch,Accessories,1,1903.03,1903.03,North,Wanda Nixon DDS
ORD0136,2023-09-28,Camera,Electronics,3,394.79,1184.37,West,Miguel Perez
ORD0137,2023-11-25,Smartwatch,Accessories,8,114.31,914.48,East,Mr. Rodney Avery
ORD0138,2023-05-24,Laptop,Electronics,4,411.33,1645.32,South,Sharon Frederick
ORD0139,2023-01-09,Monitor,Electronics,9,1063.95,9575.55,East,Frank Williams
ORD0140,2023-04-04,Keyboard,Accessories,6,607.96,3647.76,North,Amy Boyer
ORD0141,2023-05-30,Smartphone,Electronics,1,459.55,459.55,South,John Jones
ORD0142,2023-03-11,Tablet,Electronics,4,250.26,1001.04,South,Felicia Harmon
ORD0143,2023-04-24,Headphones,Accessories,7,518.6,3630.2,West,Eric Alvarado
ORD0144,2023-04-18,Camera,Electronics,4,226.63,906.52,North,Kathryn Johnson
ORD0145,2023-03-12,Smartphone,Electronics,8,1026.7,8213.6,West,Mr. Joseph Munoz V
ORD0146,2023-01-03,Tablet,Electronics,9,338.81,3049.29,South,Luis Espinoza
ORD0147,2023-09-17,Mouse,Accessories,5,236.38,1181.9,North,Tanner Garza
ORD0148,2023-07-08,Keyboard,Accessories,1,1935.22,1935.22,North,Jeffrey Taylor
ORD0149,2023-11-03,Mouse,Accessories,1,1482.58,1482.58,East,Nicole Miller
ORD0150,2023-01-29,Mouse,Accessories,9,923.09,8307.81,North,Dustin Aguilar
ORD0151,2023-09-12,Smartwatch,Accessories,7,515.69,3609.83,West,Sandra Riley
ORD0152,2023-02-27,Monitor,Electronics,5,381.23,1906.15,North,Todd Sampson
ORD0153,2023-04-26,Monitor,Electronics,8,1759.72,14077.76,South,Seth Young
ORD0154,2023-12-24,Monitor,Electronics,10,1450.75,14507.5,West,Alexander Hunter
ORD0155,2023-08-07,Smartwatch,Accessories,8,743.29,5946.32,West,Kathryn Boyle MD
ORD0156,2023-05-08,Printer,Office,6,402.33,2413.98,South,Taylor Dunn
ORD0157,2023-01-11,Tablet,Electronics,9,105.84,952.56,West,Christopher Schmidt
ORD0158,2023-05-16,Laptop,Electronics,5,948.36,4741.8,West,Matthew Colon
ORD0159,2023-05-10,Laptop,Electronics,1,421.6,421.6,East,Amanda Lee
ORD0160,2023-01-05,Tablet,Electronics,1,1132.46,1132.46,South,Patrick Lynch
ORD0161,2023-10-15,Smartphone,Electronics,5,1254.4,6272.0,East,Jamie Kline
ORD0162,2023-01-27,Monitor,Electronics,10,355.32,3553.2,West,Gregory Parks
ORD0163,2023-12-09,Monitor,Electronics,3,418.08,1254.24,South,Laura Jenkins
ORD0164,2023-02-22,Headphones,Accessories,1,980.04,980.04,West,Darrell Wilson
ORD0165,2023-09-13,Mouse,Accessories,3,1117.78,3353.34,North,Jamie Rivas
ORD0166,2023-09-21,Camera,Electronics,3,958.06,2874.18,North,Barbara Tapia
ORD0167,2023-01-27,Headphones,Accessories,1,1493.46,1493.46,West,Gregory Mayo
ORD0168,2023-08-23,Smartphone,Electronics,8,817.24,6537.92,North,Diane Rodriguez
ORD0169,2023-11-03,Headphones,Accessories,5,166.9,834.5,South,Allison Mueller
ORD0170,2023-11-01,Mouse,Accessories,7,1370.85,9595.95,West,Kristen Stark
ORD0171,2023-04-10,Printer,Office,8,1265.8,10126.4,West,Paul Velazquez
ORD0172,2023-03-04,Tablet,Electronics,3,1543.85,4631.55,North,Kathy Fletcher
ORD0173,2023-08-18,Monitor,Electronics,7,836.44,5855.08,South,Johnathan Gay
ORD0174,2023-11-07,Smartphone,Electronics,9,286.51,2578.59,North,James Spencer
ORD0175,2023-10-26,Mouse,Accessories,4,115.98,463.92,East,Charles Howell
ORD0176,2023-01-24,Monitor,Electronics,4,1706.27,6825.08,North,Shawn Carroll
ORD0177,2023-08-27,Headphones,Accessories,10,150.27,1502.7,West,Shannon Gardner
ORD0178,2023-07-24,Smartwatch,Accessories,10,1054.03,10540.3,West,Stephen Giles
ORD0179,2023-04-22,Smartwatch,Accessories,5,1778.11,8890.55,South,Jennifer Hernandez
ORD0180,2023-04-07,Smartwatch,Accessories,10,1477.93,14779.3,East,Debra Park
ORD0181,2023-10-19,Printer,Office,7,1081.91,7573.37,West,David Stout
ORD0182,2023-06-16,Keyboard,Accessories,9,1263.84,11374.56,West,Darrell Boyd
ORD0183,2023-06-10,Monitor,Electronics,7,205.42,1437.94,East,Mary Chavez
ORD0184,2023-11-28,Printer,Office,10,1490.4,14904.0,South,Joshua Moore
ORD0185,2023-03-12,Tablet,Electronics,10,584.06,5840.6,North,Adrian Adams
ORD0186,2023-10-28,Monitor,Electronics,4,505.88,2023.52,East,Mason Roberson
ORD0187,2023-01-04,Monitor,Electronics,4,1877.47,7509.88,East,Linda Henderson
ORD0188,2023-03-18,Keyboard,Accessories,6,1562.87,9377.22,East,Kenneth Hughes
ORD0189,2023-03-27,Mouse,Accessories,3,850.16,2550.48,North,Brad Garcia
ORD0190,2023-07-07,Tablet,Electronics,3,267.52,802.56,East,Christopher Simmons
ORD0191,2023-09-30,Smartphone,Electronics,4,1632.4,6529.6,South,Thomas Sweeney
ORD0192,2023-06-28,Headphones,Accessories,4,403.89,1615.56,North,Benjamin Ferguson
ORD0193,2023-06-11,Headphones,Accessories,5,238.28,1191.4,West,Tiffany Acosta
ORD0194,2023-07-24,Printer,Office,2,809.39,1618.78,West,Johnny Leblanc DVM
ORD0195,2023-06-12,Tablet,Electronics,2,105.94,211.88,South,James Mathis
ORD0196,2023-08-10,Smartwatch,Accessories,9,301.84,2716.56,East,Patrick Rush
ORD0197,2023-01-21,Monitor,Electronics,2,927.83,1855.66,South,Joanna Rodriguez
ORD0198,2023-05-02,Monitor,Electronics,9,1738.81,15649.29,North,Wendy Sampson
ORD0199,2023-03-15,Printer,Office,10,242.17,2421.7,North,Marcus Roberts
ORD0200,2023-09-11,Printer,Office,8,218.87,1750.96,South,Hannah Larson
ORD0201,2023-01-16,Tablet,Electronics,2,1735.82,3471.64,North,Kristina Meyer
ORD0202,2023-12-04,Headphones,Accessories,4,1354.73,5418.92,East,Andrew Herrera
ORD0203,2023-12-17,Smartphone,Electronics,3,1095.79,3287.37,East,Debra Ayala
ORD0204,2023-12-18,Smartphone,Electronics,10,1247.93,12479.3,East,Jonathan Estrada
ORD0205,2023-11-25,Mouse,Accessories,7,1918.8,13431.6,West,Stacey Davis
ORD0206,2023-05-25,Smartwatch,Accessories,2,1134.83,2269.66,North,Katie Roberts
ORD0207,2023-11-02,Tablet,Electronics,7,1423.3,9963.1,East,Jeffrey Castro
ORD0208,2023-07-31,Keyboard,Accessories,9,1792.72,16134.48,West,Bethany Li
ORD0209,2023-06-17,Smartwatch,Accessories,4,1866.82,7467.28,North,Christopher Greer
ORD0210,2023-11-24,Laptop,Electronics,7,415.04,2905.28,West,Steven Dominguez
ORD0211,2023-02-28,Tablet,Electronics,1,388.24,388.24,East,Anita Adams
ORD0212,2023-09-24,Monitor,Electronics,2,1421.36,2842.72,West,Diana Smith
ORD0213,2023-01-25,Tablet,Electronics,1,1534.28,1534.28,West,Dr. Dennis Williams
ORD0214,2023-08-08,Smartwatch,Accessories,7,1287.62,9013.34,North,Kaitlin Page
ORD0215,2023-10-01,Smartwatch,Accessories,2,1599.23,3198.46,West,Peter Sanders
ORD0216,2023-09-08,Tablet,Electronics,8,827.65,6621.2,South,Jason Chandler
ORD0217,2023-01-25,Laptop,Electronics,7,796.44,5575.08,North,Barry Warner
ORD0218,2023-02-12,Laptop,Electronics,3,969.3,2907.9,South,Alex Horn
ORD0219,2023-05-21,Keyboard,Accessories,4,1493.15,5972.6,South,Brett Buck
ORD0220,2023-05-29,Monitor,Electronics,3,347.83,1043.49,East,Andrew Evans
ORD0221,2023-01-31,Smartphone,Electronics,7,1418.28,9927.96,South,Mr. Michael Sanchez
ORD0222,2023-01-10,Mouse,Accessories,10,1501.75,15017.5,East,Jackie Blackwell
ORD0223,2023-05-23,Keyboard,Accessories,2,402.79,805.58,West,Kara Ward
ORD0224,2023-01-01,Keyboard,Accessories,6,583.51,3501.06,East,Ray Smith
ORD0225,2023-11-21,Monitor,Electronics,9,401.24,3611.16,North,Ashley Brown
ORD0226,2023-05-03,Smartphone,Electronics,4,1688.64,6754.56,North,Martin Baker
ORD0227,2023-06-08,Monitor,Electronics,8,414.38,3315.04,West,Susan Nelson
ORD0228,2023-08-31,Keyboard,Accessories,10,1961.63,19616.3,West,Madeline Jenkins
ORD0229,2023-04-24,Monitor,Electronics,2,957.65,1915.3,North,Andrew Wong
ORD0230,2023-05-24,Keyboard,Accessories,4,1814.63,7258.52,South,Daniel Nash
ORD0231,2023-10-11,Printer,Office,2,639.66,1279.32,South,Clifford Cook
ORD0232,2023-01-14,Keyboard,Accessories,9,952.17,8569.53,East,Maria Chavez
ORD0233,2023-08-16,Headphones,Accessories,9,1781.46,16033.14,South,Edward King
ORD0234,2023-02-07,Tablet,Electronics,6,707.42,4244.52,East,Curtis King
ORD0235,2023-10-25,Keyboard,Accessories,5,315.62,1578.1,East,Samuel Cohen
ORD0236,2023-05-17,Smartwatch,Accessories,2,1691.97,3383.94,South,Anthony Ford
ORD0237,2023-03-21,Laptop,Electronics,7,862.38,6036.66,South,Timothy Meza
ORD0238,2023-08-28,Headphones,Accessories,1,786.96,786.96,East,Melinda Peterson
ORD0239,2023-04-17,Monitor,Electronics,4,911.91,3647.64,South,John Davis
ORD0240,2023-12-29,Headphones,Accessories,5,1568.14,7840.7,East,Miss Jill Conley DDS
ORD0241,2023-07-03,Laptop,Electronics,6,636.95,3821.7,North,Jodi Yoder
ORD0242,2023-04-10,Smartphone,Electronics,4,1542.49,6169.96,East,Cory Willis
ORD0243,2023-03-09,Tablet,Electronics,1,204.99,204.99,South,Benjamin Copeland
ORD0244,2023-10-16,Laptop,Electronics,3,1563.26,4689.78,South,Emily Smith
ORD0245,2023-01-06,Laptop,Electronics,3,928.35,2785.05,South,Paul Collins
ORD0246,2023-06-01,Printer,Office,4,1928.62,7714.48,East,Laura Allen
ORD0247,2023-05-11,Tablet,Electronics,6,1317.61,7905.66,South,Misty Moss
ORD0248,2023-11-15,Keyboard,Accessories,1,1971.77,1971.77,North,Kevin Carroll
ORD0249,2023-09-26,Mouse,Accessories,4,669.07,2676.28,South,Kathleen Thompson
ORD0250,2023-01-27,Smartwatch,Accessories,6,1893.48,11360.88,West,Miranda Wheeler
ORD0251,2023-07-29,Smartwatch,Accessories,5,1286.43,6432.15,North,Melanie Martinez
ORD0252,2023-08-23,Printer,Office,3,1693.65,5080.95,South,Melvin Barnes
ORD0253,2023-01-16,Keyboard,Accessories,3,1691.51,5074.53,South,Jennifer Travis
ORD0254,2023-02-27,Laptop,Electronics,10,281.41,2814.1,East,Madison Bryan
ORD0255,2023-03-01,Printer,Office,2,1289.3,2578.6,West,Ashley Taylor
ORD0256,2023-12-04,Monitor,Electronics,3,418.08,1254.24,East,Willie Gibson
ORD0257,2023-01-03,Tablet,Electronics,2,1779.28,3558.56,East,Jennifer Chapman
ORD0258,2023-01-22,Keyboard,Accessories,2,348.46,696.92,East,Courtney Petersen
ORD0259,2023-12-29,Tablet,Electronics,6,1321.11,7926.66,North,Christopher Reed
ORD0260,2023-09-21,Smartwatch,Accessories,5,1277.24,6386.2,West,Brandy Jones
ORD0261,2023-03-03,Keyboard,Accessories,5,529.83,2649.15,West,Jennifer Davis
ORD0262,2023-08-07,Mouse,Accessories,2,1708.96,3417.92,West,Tiffany Francis
ORD0263,2023-09-11,Laptop,Electronics,7,1327.6,9293.2,South,Catherine Holt
ORD0264,2023-06-04,Keyboard,Accessories,8,480.4,3843.2,East,Elizabeth Vega
ORD0265,2023-07-08,Camera,Electronics,7,1105.42,7737.94,South,Peggy Gomez
ORD0266,2023-08-25,Keyboard,Accessories,2,999.51,1999.02,North,Ashley Ryan
ORD0267,2023-10-29,Smartphone,Electronics,1,1826.53,1826.53,East,Susan Rodriguez
ORD0268,2023-10-21,Smartphone,Electronics,8,1175.32,9402.56,East,Crystal Conway
ORD0269,2023-05-07,Headphones,Accessories,2,484.19,968.38,West,Aaron Walton
ORD0270,2023-05-15,Smartphone,Electronics,9,245.96,2213.64,West,Mitchell Willis
ORD0271,2023-05-17,Camera,Electronics,7,496.21,3473.47,North,Albert Thompson
ORD0272,2023-03-03,Printer,Office,3,460.7,1382.1,North,Jacob Stewart
ORD0273,2023-09-01,Monitor,Electronics,9,1326.37,11937.33,North,Kurt Aguilar
ORD0274,2023-12-08,Monitor,Electronics,5,1828.07,9140.35,South,Heather Arias
ORD0275,2023-08-19,Camera,Electronics,4,1927.85,7711.4,West,James Wong
ORD0276,2023-05-24,Mouse,Accessories,3,955.0,2865.0,North,Kevin Hernandez
ORD0277,2023-12-26,Camera,Electronics,10,1828.85,18288.5,East,Andrew Curtis
ORD0278,2023-12-08,Mouse,Accessories,7,1128.33,7898.31,South,Daisy Santos
ORD0279,2023-11-15,Headphones,Accessories,3,755.74,2267.22,West,Christina Smith
ORD0280,2023-03-02,Keyboard,Accessories,1,159.0,159.0,East,Lori Jones
ORD0281,2023-01-15,Smartwatch,Accessories,10,1417.71,14177.1,North,Eric Stevens
ORD0282,2023-03-20,Monitor,Electronics,7,697.16,4880.12,West,Kelly Haynes
ORD0283,2023-06-23,Headphones,Accessories,8,203.3,1626.4,North,David Jones
ORD0284,2023-08-11,Laptop,Electronics,5,809.7,4048.5,South,Joseph Mitchell
ORD0285,2023-07-12,Smartphone,Electronics,10,1200.52,12005.2,West,Robert Rice
ORD0286,2023-08-29,Headphones,Accessories,1,1576.68,1576.68,East,Maria French
ORD0287,2023-08-27,Headphones,Accessories,10,1911.61,19116.1,East,Jennifer Barnes
ORD0288,2023-10-21,Camera,Electronics,1,937.07,937.07,South,David Pena
ORD0289,2023-12-25,Smartwatch,Accessories,3,437.05,1311.15,West,Ashley Gray
ORD0290,2023-05-06,Headphones,Accessories,1,1007.64,1007.64,South,Jeremiah Mayer
ORD0291,2023-02-25,Printer,Office,10,377.43,3774.3,South,Ashley Morgan
ORD0292,2023-12-22,Keyboard,Accessories,6,1274.42,7646.52,South,Pamela Owens
ORD0293,2023-03-06,Camera,Electronics,2,670.96,1341.92,East,Richard Friedman
ORD0294,2023-09-23,Keyboard,Accessories,1,1361.78,1361.78,East,Julie Martin
ORD0295,2023-06-21,Tablet,Electronics,7,1787.65,12513.55,West,Isaac Medina
ORD0296,2023-06-03,Smartwatch,Accessories,8,640.91,5127.28,West,Mary Thomas
ORD0297,2023-09-30,Laptop,Electronics,6,391.74,2350.44,North,Adam Coleman
ORD0298,2023-08-29,Printer,Office,2,178.31,356.62,North,Julia Sanchez
ORD0299,2023-10-02,Printer,Office,8,1562.16,12497.28,East,Patrick Parks
ORD0300,2023-05-13,Mouse,Accessories,7,1589.89,11129.23,East,Donald Walsh
ORD0301,2023-07-16,Laptop,Electronics,2,578.21,1156.42,South,Jessica Wood
ORD0302,2023-01-28,Mouse,Accessories,8,1799.51,14396.08,North,Erika Meyer
ORD0303,2023-07-03,Keyboard,Accessories,7,722.56,5057.92,East,Allison Taylor
ORD0304,2023-02-21,Printer,Office,9,1466.78,13201.02,East,Karen Silva
ORD0305,2023-02-07,Mouse,Accessories,4,466.93,1867.72,North,Johnny Williams
ORD0306,2023-08-30,Headphones,Accessories,9,874.82,7873.38,South,Christopher Brown
ORD0307,2023-11-12,Keyboard,Accessories,9,1850.78,16657.02,North,Tracy Smith
ORD0308,2023-03-24,Printer,Office,7,736.02,5152.14,West,Michael Boyer
ORD0309,2023-06-26,Printer,Office,1,1749.35,1749.35,West,Melissa Curtis
ORD0310,2023-06-08,Headphones,Accessories,3,402.43,1207.29,East,Charles Le
ORD0311,2023-10-22,Laptop,Electronics,10,1443.16,14431.6,South,Jeffrey Lewis
ORD0312,2023-12-27,Smartwatch,Accessories,2,1579.59,3159.18,North,Shawn Wallace
ORD0313,2023-02-19,Mouse,Accessories,1,1594.89,1594.89,East,Ashley Gray
ORD0314,2023-12-12,Smartwatch,Accessories,1,1963.63,1963.63,West,Christopher Jackson
ORD0315,2023-07-11,Keyboard,Accessories,2,1153.52,2307.04,East,Craig Little
ORD0316,2023-02-08,Smartwatch,Accessories,7,411.51,2880.57,South,Dana Archer
ORD0317,2023-04-02,Smartwatch,Accessories,6,1572.81,9436.86,East,Jesse Black
ORD0318,2023-03-09,Printer,Office,1,1570.84,1570.84,West,Kristen Bond
ORD0319,2023-06-21,Headphones,Accessories,4,679.49,2717.96,East,Kristina Blackwell
ORD0320,2023-04-26,Mouse,Accessories,7,1435.37,10047.59,East,David Rivera
ORD0321,2023-06-14,Mouse,Accessories,4,335.42,1341.68,North,Elizabeth Brown
ORD0322,2023-07-10,Smartphone,Electronics,4,932.43,3729.72,North,Kevin Jefferson
ORD0323,2023-11-11,Smartwatch,Accessories,10,668.66,6686.6,East,Jason Fernandez
ORD0324,2023-02-25,Laptop,Electronics,5,1231.31,6156.55,North,Allison Carlson
ORD0325,2023-03-30,Mouse,Accessories,9,1456.98,13112.82,East,Kevin Anderson
ORD0326,2023-05-04,Mouse,Accessories,6,1747.81,10486.86,South,Kelly Miller
ORD0327,2023-12-15,Mouse,Accessories,3,248.75,746.25,East,Paul Lyons
ORD0328,2023-06-02,Mouse,Accessories,7,471.13,3297.91,West,Jennifer Burton
ORD0329,2023-12-18,Camera,Electronics,4,1289.46,5157.84,East,Debra Gutierrez
ORD0330,2023-03-17,Smartwatch,Accessories,7,1187.27,8310.89,East,Chelsea Hart
ORD0331,2023-03-15,Printer,Office,4,1597.93,6391.72,North,Robert Stewart
ORD0332,2023-12-02,Camera,Electronics,3,861.09,2583.27,South,Paula Smith
ORD0333,2023-03-23,Keyboard,Accessories,2,407.54,815.08,West,Lacey Smith
ORD0334,2023-07-14,Printer,Office,6,1798.86,10793.16,South,Rose Stevens
ORD0335,2023-03-15,Headphones,Accessories,6,595.84,3575.04,West,Thomas Shepherd
ORD0336,2023-03-14,Camera,Electronics,1,337.77,337.77,North,Alexander Wagner
ORD0337,2023-12-02,Smartwatch,Accessories,4,1188.26,4753.04,West,Taylor Ray
ORD0338,2023-05-24,Smartphone,Electronics,4,120.43,481.72,East,Mr. Thomas Cortez
ORD0339,2023-05-12,Smartwatch,Accessories,5,589.56,2947.8,South,Eddie Zimmerman
ORD0340,2023-09-12,Headphones,Accessories,5,1475.87,7379.35,West,Diane Wilson
ORD0341,2023-01-31,Monitor,Electronics,10,1200.36,12003.6,West,Vincent Williams
ORD0342,2023-10-17,Smartwatch,Accessories,1,742.29,742.29,East,Kurt Green
ORD0343,2023-12-18,Smartphone,Electronics,8,1107.86,8862.88,West,Kenneth Hart
ORD0344,2023-10-11,Keyboard,Accessories,3,282.59,847.77,West,Jennifer Bauer
ORD0345,2023-07-27,Laptop,Electronics,9,397.84,3580.56,North,Matthew Hoffman
ORD0346,2023-09-28,Monitor,Electronics,8,1669.15,13353.2,West,Daniel Logan
ORD0347,2023-04-03,Printer,Office,2,988.77,1977.54,East,Janet Alvarez
ORD0348,2023-06-02,Mouse,Accessories,9,836.65,7529.85,North,Kathryn Boyd
ORD0349,2023-02-01,Mouse,Accessories,5,1611.1,8055.5,East,Maria Berry
ORD0350,2023-02-20,Camera,Electronics,9,996.15,8965.35,East,Derek Kim
ORD0351,2023-07-24,Camera,Electronics,1,1512.25,1512.25,South,Garrett Christensen
ORD0352,2023-11-18,Laptop,Electronics,8,847.6,6780.8,West,Anthony Smith
ORD0353,2023-07-22,Camera,Electronics,10,1240.42,12404.2,North,Daniel Hall DDS
ORD0354,2023-03-08,Smartwatch,Accessories,4,115.44,461.76,North,Ms. Wendy Simmons
ORD0355,2023-02-20,Smartphone,Electronics,2,495.46,990.92,South,Brian Adams
ORD0356,2023-05-03,Keyboard,Accessories,4,1579.69,6318.76,South,Latoya Hughes
ORD0357,2024-01-01,Printer,Office,6,511.47,3068.82,East,Ashley Ford
ORD0358,2023-01-02,Headphones,Accessories,7,255.5,1788.5,East,Jessica Campbell
ORD0359,2023-10-23,Keyboard,Accessories,10,1899.04,18990.4,North,Glenn Booth
ORD0360,2023-05-05,Tablet,Electronics,9,1103.69,9933.21,South,Jason Scott
ORD0361,2023-11-25,Laptop,Electronics,9,1247.41,11226.69,South,Julie Lynch
ORD0362,2023-03-08,Keyboard,Accessories,10,1015.7,10157.0,North,Heather Diaz
ORD0363,2023-12-09,Camera,Electronics,6,240.05,1440.3,West,Sabrina Gutierrez
ORD0364,2023-02-02,Camera,Electronics,10,249.89,2498.9,South,Regina Baldwin
ORD0365,2023-11-05,Tablet,Electronics,2,1489.01,2978.02,West,Andrew Rodriguez
ORD0366,2023-10-18,Smartphone,Electronics,9,685.47,6169.23,East,Richard Guerrero
ORD0367,2023-07-04,Smartphone,Electronics,10,743.22,7432.2,East,Elizabeth Robinson
ORD0368,2023-09-08,Printer,Office,1,1711.65,1711.65,East,David Henderson
ORD0369,2023-12-31,Laptop,Electronics,6,1594.79,9568.74,East,David Johnson
ORD0370,2023-07-17,Laptop,Electronics,5,1967.2,9836.0,North,Sarah Charles
ORD0371,2023-10-28,Camera,Electronics,3,625.87,1877.61,West,Jonathan Davenport
ORD0372,2023-07-31,Headphones,Accessories,4,534.87,2139.48,North,Ryan Mccormick
ORD0373,2023-08-05,Laptop,Electronics,3,473.38,1420.14,East,Anthony Brown
ORD0374,2023-05-25,Laptop,Electronics,10,1954.93,19549.3,South,Phillip Clay
ORD0375,2023-04-22,Headphones,Accessories,2,989.37,1978.74,South,Philip Hopkins
ORD0376,2023-10-18,Printer,Office,8,1821.23,14569.84,South,Jessica Burns
ORD0377,2023-08-05,Tablet,Electronics,2,1275.48,2550.96,North,Pedro Gaines
ORD0378,2023-11-03,Smartphone,Electronics,8,608.93,4871.44,East,Anthony Adams
ORD0379,2023-04-29,Laptop,Electronics,9,1125.92,10133.28,East,Monica Williams DDS
ORD0380,2023-01-24,Printer,Office,10,288.82,2888.2,North,Anthony Vaughn
ORD0381,2023-12-04,Headphones,Accessories,6,884.94,5309.64,North,Stephanie Klein
ORD0382,2023-08-10,Camera,Electronics,7,1048.06,7336.42,North,William Bailey
ORD0383,2023-11-10,Printer,Office,6,1452.22,8713.32,West,Veronica Williams
ORD0384,2023-08-09,Tablet,Electronics,2,1692.16,3384.32,South,Ann Cunningham
ORD0385,2023-10-24,Monitor,Electronics,9,494.47,4450.23,South,Rachel Blackburn
ORD0386,2023-12-24,Keyboard,Accessories,1,1592.36,1592.36,South,Jared Yates
ORD0387,2023-03-08,Printer,Office,9,802.47,7222.23,South,Lisa Moore
ORD0388,2023-02-20,Tablet,Electronics,1,1564.78,1564.78,South,Brandon Cooke
ORD0389,2023-05-21,Keyboard,Accessories,8,1274.89,10199.12,South,Natalie Robinson MD
ORD0390,2023-12-01,Camera,Electronics,9,465.33,4187.97,South,Kelly Sharp
ORD0391,2023-06-21,Tablet,Electronics,2,654.26,1308.52,East,Lori Guerrero
ORD0392,2023-07-25,Smartwatch,Accessories,6,550.74,3304.44,South,Catherine Fritz
ORD0393,2023-07-18,Laptop,Electronics,2,1534.55,3069.1,East,Theodore Hubbard
ORD0394,2023-06-09,Laptop,Electronics,5,829.89,4149.45,North,Jane Whitney
ORD0395,2023-04-07,Keyboard,Accessories,2,1897.34,3794.68,West,Rita Wade
ORD0396,2023-10-26,Mouse,Accessories,4,1852.39,7409.56,East,Barbara Smith
ORD0397,2023-02-24,Laptop,Electronics,3,1266.2,3798.6,South,Jason Brown
ORD0398,2023-01-26,Monitor,Electronics,2,1940.33,3880.66,South,Makayla Mckenzie
ORD0399,2023-09-15,Headphones,Accessories,3,366.54,1099.62,East,Dustin Mcgee
ORD0400,2023-08-01,Mouse,Accessories,7,104.9,734.3,West,Sarah Johnson
ORD0401,2023-12-14,Printer,Office,7,184.08,1288.56,North,Richard Moore
ORD0402,2023-05-03,Camera,Electronics,7,1710.84,11975.88,North,Jessica Hamilton
ORD0403,2023-12-26,Camera,Electronics,8,1574.04,12592.32,South,Steven Gibbs
ORD0404,2023-11-08,Laptop,Electronics,9,1315.25,11837.25,North,Jennifer Ochoa
ORD0405,2023-08-16,Printer,Office,2,1872.13,3744.26,North,Jennifer Knapp
ORD0406,2023-12-26,Laptop,Electronics,8,1038.78,8310.24,East,Jacqueline Lewis
ORD0407,2023-02-05,Tablet,Electronics,10,197.75,1977.5,East,Carmen Lang
ORD0408,2023-10-06,Keyboard,Accessories,3,1740.88,5222.64,North,Megan Ellis
ORD0409,2023-01-20,Tablet,Electronics,5,1746.05,8730.25,West,Carla Walls
ORD0410,2023-08-30,Laptop,Electronics,7,1628.75,11401.25,East,Karen Thomas
ORD0411,2023-08-28,Printer,Office,2,1425.63,2851.26,North,Evan Morrow
ORD0412,2023-07-21,Headphones,Accessories,10,826.15,8261.5,North,Samantha Molina
ORD0413,2023-03-10,Monitor,Electronics,7,1167.39,8171.73,South,James Sullivan
ORD0414,2023-03-07,Tablet,Electronics,7,474.2,3319.4,West,Denise Carroll
ORD0415,2023-05-28,Keyboard,Accessories,10,1357.08,13570.8,West,Rachel Reese
ORD0416,2023-05-25,Headphones,Accessories,7,681.86,4773.02,East,Zachary Nelson
ORD0417,2023-08-26,Printer,Office,7,559.42,3915.94,East,Kevin Wright
ORD0418,2023-12-21,Keyboard,Accessories,7,1662.59,11638.13,North,Karen Hopkins
ORD0419,2023-04-06,Mouse,Accessories,4,246.52,986.08,South,Robert Williams
ORD0420,2023-02-13,Headphones,Accessories,4,463.65,1854.6,South,Andrew Nunez
ORD0421,2023-10-30,Smartphone,Electronics,7,1809.27,12664.89,South,Becky Griffith DDS
ORD0422,2023-02-23,Smartphone,Electronics,8,1950.81,15606.48,North,Justin Oconnor
ORD0423,2023-10-28,Keyboard,Accessories,3,1436.64,4309.92,East,Ernest Williams
ORD0424,2023-12-28,Printer,Office,7,608.14,4256.98,West,Allison Perez
ORD0425,2023-12-09,Headphones,Accessories,3,894.81,2684.43,South,Jill Brewer
ORD0426,2023-01-28,Headphones,Accessories,5,1128.1,5640.5,West,David Buck
ORD0427,2023-06-26,Monitor,Electronics,1,1186.13,1186.13,South,Ashley Fleming
ORD0428,2023-01-03,Mouse,Accessories,3,1308.99,3926.97,East,Brian Williams
ORD0429,2023-01-07,Mouse,Accessories,5,410.8,2054.0,West,Ruth Bailey
ORD0430,2023-06-08,Keyboard,Accessories,4,227.98,911.92,West,Evelyn Anthony
ORD0431,2023-11-30,Printer,Office,3,1931.61,5794.83,North,Anthony Bishop
ORD0432,2023-03-28,Headphones,Accessories,9,1252.49,11272.41,North,Taylor Thompson
ORD0433,2023-04-26,Laptop,Electronics,9,1872.61,16853.49,West,Brianna Davis
ORD0434,2023-12-15,Printer,Office,6,1938.49,11630.94,East,Kelsey Duarte
ORD0435,2023-12-19,Tablet,Electronics,5,819.21,4096.05,West,Ashley Baldwin
ORD0436,2023-06-27,Monitor,Electronics,3,597.54,1792.62,North,Sergio Fitzpatrick
ORD0437,2023-02-26,Headphones,Accessories,9,1172.08,10548.72,South,Mr. Kenneth Ortega
ORD0438,2023-03-27,Smartphone,Electronics,8,1637.24,13097.92,South,Jeffrey Benitez
ORD0439,2023-05-11,Camera,Electronics,9,475.73,4281.57,North,Allison Anderson PhD
ORD0440,2023-06-09,Smartphone,Electronics,7,883.46,6184.22,West,Andrew Long
ORD0441,2023-09-23,Printer,Office,4,1898.68,7594.72,West,Kristine White
ORD0442,2023-10-02,Smartphone,Electronics,2,119.9,239.8,East,Joshua Bailey
ORD0443,2023-05-05,Smartwatch,Accessories,3,355.14,1065.42,North,Patricia White
ORD0444,2023-04-24,Mouse,Accessories,4,580.56,2322.24,North,Stephanie Irwin
ORD0445,2023-04-23,Printer,Office,6,1009.91,6059.46,East,Sean White
ORD0446,2023-01-03,Monitor,Electronics,5,635.62,3178.1,South,Michael Diaz
ORD0447,2023-04-24,Printer,Office,5,1779.66,8898.3,South,Andrew Martin
ORD0448,2023-04-09,Headphones,Accessories,10,1223.06,12230.6,North,Michael Ward
ORD0449,2023-02-05,Smartwatch,Accessories,1,232.68,232.68,South,Peter Johnston
ORD0450,2023-06-29,Mouse,Accessories,1,952.06,952.06,East,Bethany Thompson
ORD0451,2023-06-19,Laptop,Electronics,3,928.68,2786.04,South,Stephen Brown
ORD0452,2023-12-12,Smartphone,Electronics,1,767.87,767.87,West,Paul Taylor
ORD0453,2023-02-15,Smartwatch,Accessories,10,271.82,2718.2,North,Angela Mcdonald
ORD0454,2023-07-19,Printer,Office,7,1526.34,10684.38,North,Tiffany Lopez
ORD0455,2023-11-04,Printer,Office,9,298.95,2690.55,East,Joshua Day
ORD0456,2023-11-12,Mouse,Accessories,10,1573.79,15737.9,South,George Wu
ORD0457,2023-12-27,Camera,Electronics,3,560.18,1680.54,South,Michael Rogers
ORD0458,2023-05-17,Keyboard,Accessories,6,1820.91,10925.46,North,John Logan
ORD0459,2023-05-13,Camera,Electronics,9,1234.5,11110.5,West,Brandon Smith
ORD0460,2023-10-12,Smartwatch,Accessories,3,810.5,2431.5,East,Ashley Gamble
ORD0461,2023-08-18,Headphones,Accessories,8,524.81,4198.48,West,Mark Hickman
ORD0462,2023-02-27,Headphones,Accessories,2,1099.56,2199.12,East,Jennifer Howe
ORD0463,2023-09-02,Mouse,Accessories,9,1552.2,13969.8,South,Christopher Allen
ORD0464,2023-04-07,Mouse,Accessories,5,401.83,2009.15,West,Tyler Clark
ORD0465,2023-01-16,Tablet,Electronics,6,1973.57,11841.42,South,Elijah Frost
ORD0466,2023-01-05,Keyboard,Accessories,2,1083.38,2166.76,West,Heather Young
ORD0467,2023-05-30,Smartphone,Electronics,6,752.03,4512.18,West,Christian Schneider
ORD0468,2023-05-20,Smartwatch,Accessories,4,783.6,3134.4,East,Karen Foster
ORD0469,2023-01-28,Smartwatch,Accessories,3,407.02,1221.06,North,Patricia Nguyen
ORD0470,2023-10-05,Tablet,Electronics,5,1162.11,5810.55,West,Andre Hancock
ORD0471,2023-02-08,Monitor,Electronics,3,1135.24,3405.72,East,Crystal Sanford
ORD0472,2023-11-06,Headphones,Accessories,1,1718.95,1718.95,West,Christopher Hester
ORD0473,2023-02-23,Tablet,Electronics,10,374.9,3749.0,East,Melissa Kirby
ORD0474,2023-02-08,Printer,Office,7,1670.17,11691.19,East,Peggy Meyer
ORD0475,2023-01-26,Printer,Office,5,1126.62,5633.1,South,Brian Henry
ORD0476,2023-05-24,Laptop,Electronics,9,249.58,2246.22,East,Audrey Briggs
ORD0477,2023-05-31,Monitor,Electronics,1,1145.9,1145.9,East,Malik Benson
ORD0478,2023-11-11,Headphones,Accessories,1,715.46,715.46,South,Stacy Anderson
ORD0479,2023-08-17,Tablet,Electronics,2,1295.49,2590.98,North,Wendy Cobb
ORD0480,2023-08-19,Keyboard,Accessories,3,1236.58,3709.74,East,Mrs. Wendy Nelson
ORD0481,2023-11-30,Smartwatch,Accessories,9,784.81,7063.29,West,Kenneth Sawyer
ORD0482,2023-11-08,Camera,Electronics,6,1881.04,11286.24,South,Cheryl Jones
ORD0483,2023-05-01,Keyboard,Accessories,9,874.17,7867.53,North,John Johnson
ORD0484,2023-08-20,Printer,Office,3,1568.63,4705.89,East,Tammy Anderson
ORD0485,2023-05-01,Smartwatch,Accessories,3,597.53,1792.59,South,Dennis Salazar MD
ORD0486,2023-10-24,Printer,Office,7,614.01,4298.07,South,Matthew Garcia
ORD0487,2023-05-22,Mouse,Accessories,6,1831.94,10991.64,North,Devin Coleman
ORD0488,2023-01-17,Laptop,Electronics,7,1603.39,11223.73,North,Mr. Jerry Howard
ORD0489,2023-04-23,Tablet,Electronics,10,1450.56,14505.6,South,Daniel Klein
ORD0490,2023-11-14,Mouse,Accessories,5,276.22,1381.1,North,Emily Bennett
ORD0491,2023-07-16,Camera,Electronics,9,1815.56,16340.04,West,Victoria Smith
ORD0492,2023-02-02,Headphones,Accessories,3,408.45,1225.35,South,Susan Morales
ORD0493,2023-05-24,Laptop,Electronics,8,1573.01,12584.08,South,Lauren Moore
ORD0494,2023-05-14,Camera,Electronics,4,1611.36,6445.44,South,Mr. Austin Smith
ORD0495,2023-07-19,Monitor,Electronics,10,1084.89,10848.9,East,Scott Reyes
ORD0496,2023-01-12,Monitor,Electronics,3,503.37,1510.11,South,Damon Schultz
ORD0497,2023-11-12,Laptop,Electronics,10,679.38,6793.8,North,Carol Reed
ORD0498,2023-01-12,Headphones,Accessories,2,1823.52,3647.04,North,Ryan Smith
ORD0499,2023-11-08,Camera,Electronics,7,982.69,6878.83,West,Megan Smith
ORD0500,2023-04-23,Tablet,Electronics,1,1956.5,1956.5,North,Anthony Schultz
